Text Size,DNA Text,Pattern,Description,Naive Matches,KMP Matches,RK Matches,#Naive,#KMP,#RK,KMP Correct,RK Correct,KMP Diff,RK Diff,Naive Avg Time,KMP Avg Time,RK Avg Time,Expected Matches
10,TCCGGTGGGA,AGGA,Random sequence,[],[],[],0,0,0,True,True,0,0,2.384185791015625e-06,3.0199686686197915e-06,2.86102294921875e-06,
25,AAGACGGCGATAAAGCACACGGCAA,GAAG,Random sequence,[],[],[],0,0,0,True,True,0,0,1.3510386149088542e-06,2.6226043701171875e-06,2.7020772298177085e-06,
50,ACACGAGGTCTAAAGGAAGATCGGACTTGAAATCACCTCACCCGCTGTAA,AAAA,Random sequence,[],[],[],0,0,0,True,True,0,0,1.8278757731119792e-06,5.086263020833333e-06,5.0067901611328125e-06,
100,TCTTGCTGGTGAGCTATGGCCAATCTTTAAACTCAGTACGATTGCGATGCTTGTAATGAACGGAAACTGCTATTCACTCATCATCCTGGTAATATCACCG,AGCG,Random sequence,[],[],[],0,0,0,True,True,0,0,3.6557515462239585e-06,8.265177408854166e-06,9.695688883463541e-06,
250,TTAGAGACTCTGGAGCTGTCGTCTGGCTTAAATAGACTGGCTTAAATTGAAATGGATGCCCACTGCAAGGCAGCCCGGGCGCAGGACTTTAAGTGGAACTACGGTTCTGAAACTAAATTGCCACTTTATTCCAACGTCATCGCACTGAAAGGGTAACTCCGCGCATTCCCAGGGGGGCAGGACTGCTGATCTCTTCGGAGCCTGAGTCCCTAGCAAGCCCCTAACATTCCATGAGCGTAGACCTCGGCTA,ATCC,Random sequence,[],[],[],0,0,0,True,True,0,0,8.662541707356771e-06,2.0345052083333332e-05,2.3682912190755207e-05,
500,TGGCGCATTGTGAATAGCTCGCAGGGGCTCTCCTACGACAAAGAGACCGCATGCTTTGTTTGCTCACCGCAACTGGACGGCGAGACGGAGGGTTAGAAGCTCCTCACAGTTGCATCCCACCTTAGCGGATGCCCGCAGCTGCACTATTGTATTGCTGCCTGAGCCGGTCAGTGGATGGACTTCGGGTCGAAAGAAACGCCCTGGAGTGTTGGACTCTCGACGCTGCTGCAAGCTGGATAGGAACATAGGCAAGGAAGTCGCTAACCAGGCTAGGGGGATTTATGAAGTGACTAAAAAGGGGACCAGACGTCTGTGACGTGTCTCTAACGAGATGGCCCCTTACACTGGAAGACCTCTCGAGTATCTGCGTAGCTACTCTGCGTCGAGGACCGGCCCACGAAGGGGGGATTGATAGATTCCGTGGGGATGGCGAACAGCCCGATAAAGAAGGGAATTTAAAATGCTCATTAATACCGGGCCTTTTACCCTCGGTACTGGCC,TCAG,Random sequence,[167],[167],[167],1,1,1,True,True,0,0,1.8278757731119793e-05,4.061063130696615e-05,4.8160552978515625e-05,
1000,ACGAAGTACTGTTCATGAAAACAGCTTGCGACCAACCCCTTTACCCTCGAAGGTCGCTGTACGACTCCCGTGTCGGCGGTCGTGGGCACGCAGCGCTATCATCCTGATGAGTACTAGGTTATAACTTTAATACCGGTGGCAGCATGAGCTTAGATGGAAGGTGATACGTCCATGAAGGGTTGCCGTGGCCCTCGAGGTCTTCAGGTATTTGCACGACTCCTAACTAGGATCACCGCTAGGCCACCGTCATGACGGCGAGCACGGCCCGTCCAGACTGGAACTGGTTTTCTTCCTGTCAGTGGCTGCGCGCGAGCGACACGGAAGGGAATGAGAGTCAGATATTGCTCTGGGTTTCGTATACCTTGGTGCTCCCCCTGTCCGCGACAAAACGGACGACACTCCCAGGCGTGACACCCTGGGCGTCGAGCTAAAAAGGGTTACAACCATTCACTATCGGTGCGGCGCCTTATATTCGGGTTTATTCGTAATGATGAATAAAGTGTTCAATAAAAGAACTCTTAATACGCAGGGGTCCCGTCGGGACAGGGTAACTGGCGGGCACCCGTTCAATAGATAGACCGCCTCACATTCGCGGTCGAGGCTTTCACGGCGTGTGTATCTCCGACGCTAAATGCTGCAACTGTAAAAGTTTCGAGTTCCAAGCGAGCGATTCGCGAGCAATTTCCGGAGACAGCACCTAAGTAATAGCACGGATTAGAAGCTCAGTTGAGTTGATGTCAAATGGATATTGGACACGAGAGTAGTGCCGCACCTACGACAAGGTCGTCCTGATGATCCGTGATGGCACCAGGCAATTACGCTAATAGCTCTGAACAGATACCATTTTGCCAGTGTGACCCCGTTGACTAGTTGGCCGATACGGCGCCAGCACATATGGGAGGCAGGGGGAACCCTGGTAATTTGCGCAGTCGAGTATAGGAATATGGTTAGGAATTCCTAGGTCAGTCCCAGTATAGCTACTTTCGCATTTCGCTCCGGT,TAAT,Random sequence,"[127, 485, 519, 702, 821, 917]","[127, 485, 519, 702, 821, 917]","[127, 485, 519, 702, 821, 917]",6,6,6,True,True,0,0,3.838539123535156e-05,8.098284403483073e-05,8.996327718098958e-05,
5000,GCGTTGTAACCACTACGCCCCATCCATGTTCTTCTCGCGATGTTTTGTGTAGCCGCGGTCAAGGTTAATTCGGTCACCGTATCCCGACTGCATTCGGCCTGGTCAGACCCTTACAGTGCTGCGTCAGCTTGCACTGCGCACTTGACCAAATTTTCGCGTCTATAATTAGTTGTACTAGCATCCCCGAGATCCTGTACCTTTATGCGGAAAGTTCGATGCAGTTATGACGACCATTCCCGGATGATGTGGCCACTAAGACTATGGCGGTCTCGGGGCAGATTGCTGACTCGCGTTATTTGTTTAAACTGTGGCGTTCTCTGTGTAGCGTTGGACGGCATGATAATATGACAGTGCGGTTATCACTCTCACCAACATGGAGGCGGTCCAACTACACCACTACTAACAAGGACAGACTGATAGTCGGGATGGCGACTTCGGTCCCAGCAGGTTGCGCGATGCGGGACGAGGCAGCACTTGCATTTCTTGGGTATATCTCCATGGCCACATTGGTCGTACCTAACCCGCGAGACCGCCTGAAACCGAGCGCCTATTCAAGGTTGCCTGTGATCTTATCGCTTCTGCATGGACCCGTATACGTCTGCTCCTTCTCGGGCCGGTGTTTGAGCGTCAGAGAAGAGTACTCGTTAAATGGCTGATTATGATGATACATCGTCACAATTGATGGTGGGGGTCCGTGACTCCAAGTTCCAGAGCGTCATCCTTAATCGGACCAACAAACCATAAGTCTAGCACAGTACTGCTGAGTGTATACCCTCCTGCCGTGGAGAAAACTTAACTTGTACTTTGTCGAAGGTCAGTTCCCCCCAACAACTCCACCGAACCGGTTGGACGATCATTAATTGGTGACCCCCAGGCGAGCCTTGGTACGATACGTTGAAGTCCCGCGCTTAAAATACGAAACGGATTACTCACATGCAACGTGAACAACCGAACACCCAGTGTATAACGGCGTCCACGGAAAGTCTTGTCCGAGCGTTCTACGTTAGGAATTAAACCCCAGCCGCGTGAAATTTGTATTTAGTCAGTGAGTGGGGAATATAGCTATATGAACCATCCCTCAAAAAATCGGGCCTCTACGTGTTCTCATACGTTAGCCAAGTGCTACTAACATAACCCCAGAGTTGGAAAGGCCTTATGCACGTCCTAGATCAATAGGGACGTGTGACACAAAGATGCTGGCCCATCGTTGAACGTTCAGAGTATATCTAGCTTGATCGAAGTCGCCTCTCGGGAGTCGCTAGGGTCTAGCGTAGAGATAACGGAATTATCACACGTATACCAGATTATTGCGGTTCACCTACGCCAGCGGTCATCCTCATCGTCCGCCGACCTATGTTCCCATCACTCTGACACATCTGAAGTGCTAATATGCGAGCTTACGTTTCACGCTTCCCAGTCGAGATATTTAGGCGCAATGTTTCACCTATTACCCTTCCGCGGTCCGTTGAACATATATGCTTCACTGAGGTCCGATATCCTGGATATATAGGCGCCAATAAAGAGCTGGCCGGCAATAACTCAAGCCGCAGCTGCGAATCAGCTAACCGAGCGAACAAAAATTTTCCGGGACCCTCCTCTTAAGGTCGCAGACTGTGCGACGGGGACCTAATTACCGTGAGTCTATATGTCTATCATGTCGGCAGCCCAGTATTGATTTCGCCTCCCACGGCCCTTGGGGATGAACACGCTTCAGGATTTCAATGGCGACGCAGGTTTCATCCCGGCGGTTCACGCGGCTCAATAGATAATTGGCTGCGTCGAGAAGCCGATTACGGAATGGGTTAGCCGTGGTCAAAACGGCCAAGTACTCTACAACAGAGTGTGAACAGAAAGGTGCGACCACTCTATGAGGTCAAGTGTTGGCGAGGCTTAGCGTAAAAAAATAACGGGAAATGCCACGCACACTAGCTGAGCCTTGATGGGCCCGCAACAAAGCGAACGGCCGAGCGTCTGACCGCTCAACTCAGGGTGAGATACTTATAAACCGAATAATGGACGGGCCAATTGACCGCCCCCATAGTAATGCTGTCGGGCGCTAAATCTCGGTATTATGATTCTTGATCCATAAGCTGGTCTCCGGGGTCCGGCCTGGGTTACCCACCTCCCGAGTATCCAGGATGGCCTATATCTGAGCACGCGCCCCCCAACTAGCATATCATGGGGAGCAATCTGATTGAGGGACTTACAGACGAGCGTCGGGGAAATCGATACCCAACATCTTACAAGTGCAGCATGGCATATCCGTAACCGGAGGGGGCTGTAAGCACAGGAGGTGTTGTTGGCCTGGTAAAACCTTTACATCAACCAGTTTTTCTAATTCTGGAAGCCCGGGACAAAGTCCATTGTTTGTCCAAAATCGATGGTAAGCGGCTCGTGGTAGAATCCGTATTGGAGTTATCCTTGTCTCGCATGAAATCCGCCCAGTAGGACGCCATGAACTTCGAGTCTGCCGAGCCCCCCGTGTCTCACGCCTCGACCCTACCAAGGCAAATCGCTGGCTTTTCGTATCGCAGATTTGTCCAATTAATGCCAATTCTGGTTAGAATTTTCCAAGAGATTGGATCAGCGGTGTTGGTTTCCACTAACACGGATACAGCGTCCATCTGAAAGGTGCCCCTGCCCGAGCAACAAAGTATCGTATTAAGACTGTGCCTTCGACACGTGTATAGTTCCACTCCTGGGGGATTCTTCTACGCCGTCGCATGGAAGTCAACACCACCCGACACGCTCATTAAGCGAAACTGACTTCACGAATTCTAGACAATAGGATGCCTTTTCGTGGCTTTCCGAACCCCTCGCCGTAACCATAAAATCTCAGGGTCTGACGACGCCATCTAAAACTGAACCATTGATCGAGAGTGGCTTTCTTCAACGCCGACGGCCGTTCGTCAGCAGATCCGCCATTTGCTAAAGGAAGGCTTAAAGCACAACCCTATGTGAACTACCGAGTTGGTATACCTACGACAGCATACTCTCCAGAAGAGTCCAACCGGCCCCTCGGTTATGGTCTCGTATATGCGATTCTGGTTTTAGCTAACAATAAACCTAGGCACGCATAACATGGGGGGTTAATACCTCTCTCCGTCCTCCGATACCCTAGCCGACGTAGCGGGTTAGGATTGTCGCGGCTAGCCGGTCGGGTTGGAGAGAAAGACATCGGTCAATACCCCGGTAAGAAAACTCACACTGTAATTCTACGTCAAGGGGCGTTGACCTTATTCGCCAATTCGGCAGCCTGAACACTCCGATAGGCTACCCTGGGAGGGACTCTTGTATCCCGATGCCGTTTGGTCTCGCGCGTAGCAAATGTTTATGTTCTGCGTGGCAGAATGTGGACCGTTTTACCAGTTATTTTACTTGGAAGCTCAGGGACAGGCTGATGGGTAGGGGTCGTGTGATACTTGGGAGTACTGATCGAAATCGGGTGATCAGAACGTTAGTCAGCTAACTATGAAACCGTGCGGCAATTTACTTATGAGACATAGCTCTGAGCCATCGGTCGTTTTACATAGGACCGGTCTGGGAGAAGAATTCTGCTACTGAAAAAGACGCTCGCGAAATTCTGTCTAGGTGCGCGGACGTCCTAGTCACTGGGGTGCCCCTCGCCATAGATTGAGTGCATGCATCGTTACGCGATGTTTCAATCCACGGCATGTATCGGGTCACCTGACTCACCTTTATAATAGAGATGGCTAGTCGGGTATCCATCAAAATCGTTAGTCAAGCCCTCGACCTTAGATAGCGTACCTACATAGCGTAGACTTGGAATGTATATGGTACTTTTACCTACGACAATAGAGGGCTGGTCCTTCTCCGCCCAACGTTTGAACCATCGATGGCTCCCGTGAGTGGGTCATGTCGGGAGAGCAGAAGCCAAGCTCATACGGTGGACTTATGAAACTAGTGAGGATTGCTGGAAGTTTTTCCTGGTAGAAGAGGATAAACATCATTTCATGTCACCGCTATAAGGGGCGGATACTGCCTCTGCTTCCGGACTGGGGTTGTCGTCGCGAGTTATGGTTTGGCCTGGGTAGGCACCTGGCCGTGAGAGGTAGCGTGTGCTAAACTCCGCGACATCTGAGCGAGTCGTGTCTAACGTCTGTGCTCACAAGTAAATTGCCGTGTAGTGCGGAGCGGTATACGTCTAACCGAGGTTAGGCGCTGCGCGTCACGAATAAAGTGCTTTACTAAAGTTTAGGGAGATAGCGTGGCGCGGGTCCACTCGGGTCCAATGCCGAGAGCCTTACAACTATCGCATAAGAGTCACTCGCTAACCCCCTGCCTCTGTGCGGAGGTTTCACTGACAATTAAATAGGAAACGAGCGTCGCAGAACGGCTGTCCCACGCGAGCATAATCTCGAGCGACCGGTAGTAGCTGAGCGAGGACACGCGCATCCGTTAATCGACACAGACCGCCCACTCAAAGTACACAGTTTGGACTGATCGACAGTGAATCCCTCGTTTATCAAGCAGCGCGGTTGAACTAGGGGGTAGGCGTTATCGAGCCGGATCTTCATGTCCGGCGAGGACGGCTCAAACGTCACCTTCTGTCTGGATGCTAAGTAGCGCGGGAGATATAATCGAAACGTGTCCGCTGCGTAGGGCCGCTTGAATGTCCTCGGGGCATAGATGCATGTGCGGCTGCACAGCCGACTTCTATTCAACGTGGACGCGGCAGCTAGGTCCCCCGTCTAAGTACGTTGACTAATGGTAACTAGAGTCACAAGACCTTCAAGTTGGTGAGCGGACGGGACCGTCAACGATCGTGAGGTGAGATGCCTTGAACTGACTTCTCACAGCCCTGAATGGGTATAGCGTAACACAGAACTGTGTTCTAGGTGTTTCATACGTCCACCGGGGGAGAGTCGTATTGCAGCTCCATTCATTGAATGATGGAACTGTTTGTCCGAATCCAATCCTTGTATATTGCATGACCGAGTTCCGTGACGCGATGTCGCCTTTGGGGTCCACCCAATAAT,CAAG,Random sequence,"[59, 403, 552, 701, 1116, 1540, 1822, 1874, 2243, 2503, 2571, 3221, 3742, 3895, 4129, 4487, 4744, 4753]","[59, 403, 552, 701, 1116, 1540, 1822, 1874, 2243, 2503, 2571, 3221, 3742, 3895, 4129, 4487, 4744, 4753]","[59, 403, 552, 701, 1116, 1540, 1822, 1874, 2243, 2503, 2571, 3221, 3742, 3895, 4129, 4487, 4744, 4753]",18,18,18,True,True,0,0,0.00017801920572916666,0.00040761629740397137,0.0004649162292480469,
10000,CTAGAGAGGTGGTATTTTGTTCAAACACCAGCCCTGAGAGTTAGCGTCCTTAGGTCCTCTGGTCCACCGGGTAGAATCTTGTCGTGAGGCCATCGGGTTATCTGATCCATCCAGGCCGTCGATCTGGGCTTAGGGAGATCCGTGAACACTATCTGCTGCTTGCCGCGTGATAAGAATGGGTGGCCTTCCAACACACCCTTGTGGGGGACCAAGAACAATTGACCCAGCGTCTCCGGTCTCCAAGGTAACGTACGCGTCGGGCAGCGCATATCATGATTTGGGGCGGATGACCAAATGTTCCCTTCCGCCTTTTACAAGAGAACGATGCTCAGATCCTTCACTTCAAGTCTGATGTGGCGATAAGCCACATGGTTACGAGACAACAAGGTGAAAATCGCGGCGTACCCAGCTATTGTGCGGCTTACACAAGAATGGCCAGCTGCGAGAGGCACGCAAGAGTGGGTCCGCATATCGTCGGTGCGGCCAGGAAGTTTTGCCGCTGATTATATACGCCGCTCGGGTCCCGTCTTGCCTGCTGGGCTTCATCCAGAATGCACAATGCAGCTCACGTCATCCGGTTCAGCAAGGAGTTAGGTAGCGTTAGCTTTCACAGTCACTGCCATGCTACATACTTAACTGTGATTATAGGGTATTTGGTCGCTGGCAGAAAGCGTTAGGCCTAACGGTCACCCTATAGCTACGTGGGGTAACCTAAGGTGAAAAACCTGACCCCCTTCATGAACTTAATAATACACCTTTGGCAAGGTGCATTCATAGCCCCAGCCCCAAGCAGATTACCACTCAGCGCGCAAGGTTCGGAGGCCGCTTCTTCGATGCATTATCAGTAGTTATACAGCACCTGATCCGCGCTGCCTGATCCAAGCTGAAGAATTGGAGTTCAAAGAGTCAGGTGAGAAAGGGTAGGCCGGGCCCGACGCTAACACTCCTCCGGGAGTCGATTAGCCTCAACTGACCGCAGAGCGCAGCCTCTTTATCAAGGATATCTCAGATACGAACTCTTGACTTAGAACTCGTCATCGGCGTAACGAATGTACGGATTGTTTCCGCGGTCGTGGGAAGACCGGGTTCCGCCTTTACATTATGAGGCACAACGGACTAAACGTTGTACATCCGAAAAAGTCTGCAACAAGGATAGCTGATTTTTAGAGAGCTGGCGTTCCGTGTCGCACTGAGCTTTGCAAAGGTGTGCTCATATAAAGCAACAGGGCTACACGACCCCGAATTGAGGGTTTCGAGAGTGAAACGGCAAGAAGTAGAACTTGTCGTGGGGCTTTACGTGTCAAGCTACTAGGGGCTCTAAATGCGCCTATATGTTTTCGCTATGACTCGGAACCAGCGGTGGAGAACGAAGATGATAAATGAATGATTGAATTAAAGAACACTACGCAGTTGACCACGCTAATCGAATGAGTGCCTGTCCGTGTGTTCCCTTAGATTCGCTCAGTAGGAGAGCGGTTAGGGAGCAGGGAGACATCTTGTCTCCACCCTGTCGATGTGCCATACGTTCTTGTGGGACGGGAACACGAACATGTGATCTGATTAAAAGTGCTTGCGTAATGAGTCCTTGTCAAAAAACGGTTATGTGGGCAATCATTCCAGCAAGATTCCGCTTCGTACAACTTTGTAGCTGGAATTCTTTTAGTTCCAACCGAGGACCTTGAAGGGTTCGTGAATTTCAAAGAGCTTTGTAGGGATCATTGTCATGATTGGACGCGCAGCGTTCATGATGGTTTTAATCTAGTCATTCCAAGCGAACTGGCCGCTGGATAGAACTCGACGGGGGCAGGGTTACATCTGTCTAGAAGCACCCACATCCCAAGACCACGACTGATTTGGAAATTGCTAACCGATGGGATACACCGGCGCGAGTGTCGTTCAGGTATTCCATATTCTCTGTTTAAAGACTGTATCACTCCCCTCAGTGGTTGTTCCATTTACTTAAAAAACACCGATGCTAAGCTATAGGACGGCAATAGTCCGTAGGACTCTAACAGGGCTCCTTGTTATACCTAGATCTCGAGAACAGGGAGATGCTAGTCTATCGCAAAGGCCTCCCGCCTACCGGCAATGTATTTACCAGGAACCTCCGAAACCGATACGTAGTCGGCCCTACCAATTTCCTTGACCATTACCATAGTCCCTACTTGATGATGGAATGACTCGCTGCCTAAGGCCGATCAGGTGCCCGAAGGTAGGTTATGCAACGTGACTTAAGAGCAACGCCATTAACGCCGCTAATGAGCTCTCGAAAGTCTTTAATGTGGAACAAGGGCGCGGCCATACCAAATGCTACATACCGTGCCTAGGATGGTTAAACGCGCGGCATGCATAGTAAGATGCGGTCAATTCGTTCAGCAACTAAGCTCCGCTTGGCCATTTCTCTTGCATGGCGTACATGCTAAAGCCTAAACTTCCGGATAGCCGAGGGTAGTTATCATGGCTGGTGACTCACGAACAGTTAGCTTCGCGATACCTCGGTCTCTAGAGAGCAGGTCAAGTAACAGCGCCCGGCCGGTTTGTAGTCAATCACTAGACCTAGGCTCAGATGACGAATCTCGAAAAAAGGCTGTAGTGTGCCCGCTCCTTTCATCGCCGTCCTACAGGGCGACCCTAGTCCGCTCCGCTTATTGGAGCGTACGACACGCCGTCGAGCGCCGTTATATATGGCTCTTGCGAAGTATGCTTCACCGTCGGCGTCGTCCAGAGAGCATCCTAGGGGGATTGGCTCGTATCAGGAGTCGATATCCGAACGCATCGGACGCGTGATATTGGGCTTCCTAGATTATAGAACGACTAAGAGCGTCTCGAGCGATAATTTTACCAAGTGATACCTTGCCTCCAAGGATTAACCCTATGGTGATGCCTCGGAGGCCAGTGCTTTTTGTTCCGAGCGTGATGCCTTAATAAAATCCCCTTGTCTTCGGCGGGTTTGTTCCTTAATAACTCGGGGACGATGGGCAGCTTGGAACATAAAAACCCGGGGGCTACCTCCTAAGCCCCTACCCCCTCCAACGCACAATAACCGCCAGCGCGAATCTATTGTCAGGCGCAGGCAGCTCGCGGTCGATTAGTATCTGCATCCCGGAACAAGAACTAATGGATTGGCGGAGCCGATACATAAGCGCAGGGGTGTTCATTGTGGGTCAATACTTTCCGGAACGTCAATTTAATTTGAGATAGATCAGGAACGAGTGTATGTTCGTCGGCTTCGCCATACGGACGCTCGATCGGCCGGCTACTTCTGACAATAACATGGGCCCCATGACTAACTCGCAACGGCATGCACGTCGCGGAGGGGCGAATACTATCCGGATCGGGATGTGGGTTGCTGAGGACAGTTGAGGCCTCACTTCATTGGGCATAGCGTTGATGCACCAGAAAATTGACAGCGGAACATACGACGCTAAGTGGAAATACGAACCGTTGAGGATTGAGCACTAAGTCTCTCAGACGAAATCAAATTGCGGCTCAATACACTACGAAACGTCCAGGGTTACGGCAGTCCGTACCATCTCTAATTTACTCAACAAACTCGTTCATGTGGGACCTTCTAGTTCTAAACTATGATACTTCAGTGGGCAGTGTGGAGACGAAAATCTACGGCCGGTGCGGAGCAACCGTAAAAGATCAGTAGTGGATACACAACCCCTTACAGTGATGTCTCCCTTAACTCGTCCATGAAGTGGTTGAAAAATAAACGAAGAGAGACGGCTACCCCCAGGGACTGATAAAGAGGGTATTCGTTTAGTTCCCGGGGATTCGCTGAGATTGGTAAGACGGCCATTGTTTCCCTCAAAAAACGCATGCAGGGGAGGCCCATGAGTTGTCTTGTTTGTGAACGGGTTACAGGGTAGACGCATTGAAATGATAAGTCTGCCTGGCGGAGAAACTGCCTCGTATTTCCTCAAGGATGATGTCTAAACGTGTCAAACCGCACAACTATCATGAAAACTATGACTTAGCGACAAGCTGTAGGCCATTACCCTGAATTCTGATTTCCTTTCGGGGGTCCACCATGTATTCCTTAAGGACCCTTGTTCGCGGTAGCATGGCCCTGCGTATGCTCAGGGCAGTGTCGTAGAGCCTTTTTCTACCTCCATCATATCGATTACCGTTTTGACGTCTAGGCGCCACAGCCGTCTCAGTTAGTACGGTCGCCCTAGACCGGGGACAAATGCCTCTATCAGGGGGTGCACGGACTCGCCTCCGACCTGGCTTACGCCATGTGCTTTTAGGTAATCAACCTGTTGGCGATCACGAAGAAAAGGAGTGCTGATGGAAAGGATGTGAGAGCGCCCGAATTGGGCACTGTGAGAGATTCACAAACGTAACAGTCCGTCCAAATTTGTATTTGACCAGATCGATGACAGAATGGGAGCAGATCGGCTTGAGGAGTTTGGGGATTCAGGGCCAAGGCAAGGCCGTCTTAACTCCCAGCACGAGATCCCGAAACTAACCCGGTACGCAGAATTCTGTTACATGTTAACTCAAAGATTACCTTTCTTAAAATCCAACGCGCCGTTGATCTAATTCTGTTCGGAGGCCATTACTGCCACGTATTAATAGTCTCTACTACCTTAGCCCCCATAGCCGCCACCTTACGAAATAAAATCATAATAGTAACTCAAGTCTTTCTTTACTTTAGTAGCGCGGCCAGGCCATCCATAGGCTGCAGGTCCTTGACGGATACCTTCAGTTGGTCATGAACAGGCTGTCTTCCAGAAAAAGCGCGCAGTCTGAATCATTTAATGCCATGGACCCAGTCTGGTTTTGCAGGCAATGTTTGATGTGCTACTAGACTAGGCTACTATGGATTCTAAAGAACATGGAGCGGTGGGATTCACATCCAAGAGATGGATGGTTGCTACCTGACGCGACACCGGGACATTCGAAAGAGGAATCCGTAATCTGAAAAATACTGCAGCCGCTATGAGGGCGCAATGTCGACATCAATCTCAAAATAAAGTAGCTGGTATGTCTTATTTCACCGGGCTAAATGATGATGCACAAGCTGTACTGCAACGTCTATTTTGACTGATTATTAGTGAAGTCCTGGAGCAGTGACACATTGTGACTCCCACCTCTAATGTCTCCTGAGTCGCACGCTTGAGGATTCCGATGCTTAGTGCGCGGGTCTAATCGGCAACCTGAGGCCGAGTCTAACAAACCTCGGCATCTGTTTCGCTGGGGAGGTCGTCGCACGCGTTAGCGCTAGCCCGGACTCAAGGCTGGAACCGACGACCTAGAGACCCGGCTAAGTGGGTAACTCGATGGGCAGGCATTTGGACGACCTCGAGTCTAATGATTAGGGGTAGCCGGAAGGAGCGGGTAATGCAAAGCGATGTGAGGTCCCGCGCACACTGAATGTACCTTGATTCCCTAGAGCAACCAAAAGGGTCCTCTTTCGACCGGAAGCTAACTACCCTTAGTTCTTACACAATCCCGTTGTGATGGGCCACCAGTGTTCACTGGAGTTCTGAGTTAGTGGGGGGCGATTTCTCGCGTCGACCGATTGTCTGACCTGTGAGTCGGGGGCGTCGATAGACGTTGGCAGCTGCTATTACGGAGTGTCACCCGAGTTCGCGCATCACTGGACTCTTTCCATCCTTCATAGCTTCCGGTAATAAGCATGAGCTACCCTGACACTCAAATCTGTACGTACCCACAGACGGGGTTCCTCAGTAGTTAACCGATTACCACGACCAGATGCCAGTAGGTCGCCAGAGTGTCAGTCGACTCACAAACTGATGGAACTTAAAGTCGGCCATTCAATGTCAGCATAATCGTGCACCTCAGCCTTAGTGGACGAAGTGCGCTTAGAAGAGGTTCGCCGCAGGTGGTCTGTAGTGAATACGAGGGCTGCTGGCTAGCGATAACAATTCGATGAGGGTAAACTCTAGTCCGCGCTGATGTTGGCTCTTAGTGATAAGATTGATTCTAGCTCCCAACGTGTATGAACCTGGCCACTGTAGTTTGTAGTCCTCGGACCTCTAATGAGGGGGCACCTAATAAGCTTCCTAGCCAGTCATTCACGTTAACCTCGCACCATCGAATATGGTGACACACGTCACGTCCACGGTCCTTAAGGCTTACGCTTCGGTCAAGATGATATCTCGCCCGTAAATTGATACAATTCACCCGGTGTGTACCCATCCCCGGTCCACCACAATTGCCCTTGATCTTTGTAAGTAGGCTGTGTTCGATTGCCACAGACAGGCTCAGCACAACACTCAGACCTTCAGGCAAGTGACCCTGAGACCCGAGATGTTAGCAGCGTTCGTACTCCTCTCCCGCACTCTGGGTGCCCTCGGACGGCCAGATCGTTTTGAATCTGGTTATGACGTCCAGAGCTGGGTACGACAGTTCAGAAGCGTGCTTGTTAGCGCCCTCCGGCACCGGAACACATGCCATAGTCGGAGGATGTTGAGACTTCAGCGCTGAGCTCCTAACATCATATTCACATTAGGTGGCCTGACCTTATGCTCAAGGTTTGCGCCACGATATCCTGAATGGGAGCCTGTCTGGTACTCCTCTACTTAGGTAAGGCCATTTACGTACCCGTGTTACAGTGGGCGTACATAAAAGGACCCGTTTTCAAAGGATGCGAGAAAGGTCAGAATTATCTCAATAGTAGAATCGGCAGTTTTTCATATGATGAGGCGCAAGGTACCTTAAGAATTACCGGACCCCGAGCGCTTGAACACTCCTCGGACGTACCCTGTCATTGGTGCGAATTCAGCTTCCTGTGGGATGCCGAAAGGAGCCCCAGCATGCAATTCCTCCTGACCGAAGGAACAGTGCAAATCCTCCGAGATGATGAGCGGCCACCAAGCCGGCGTTTGGGGCGCCACCAGTATGCTAGTAACTCCCGGCAGGCGACCAGTGTGTTTCAACTTCCAAAATAGGGAGGTGATGATTTCGTTTTCTCCTCATGCCCGCTAGTCCCACAAGGTTACATCTGGGGAAGGCTTCTACAACCCTTGTTACGTGGAGGTTGCGCTGTCCTAGGCGAACAGAGGGTCTCCGACGGACATTAGTTGCGGCAGTTGCCTATCCTGTCGCACCCGATAAGCAGGCAACAAATTCGCGGTCTCGGTCTACAAGTCGTGGAAACTGGTAAAGGACGCCCGTCTGATAGAACATCTCCCTCGTGGAAACGTTAGGCAAAAGACCATTCTCCCTGTGTATGACTTGGCAGAACCACTCTGCGAGTTCCCTGGGCTTGTGATTCTTGGTGGGTATACCACTTAGATGCCGCCCTTGGATCGGATTGGGAATCAAAGTATGGCATCTAACGGGAATTTTCTGGGGAGATCAGACTTTTACTATGCGAAACATAACGAAGCTAGGTAAAACGCTGCGCTGAGATGACTAGAGATTATTCCGCTACGCGGCGAACTGGTTTACGGTAAGAGACGTGACGCCCACGCCAAGGTCTAAGTATAGCTGTTTAGTAGCACATCGGGGCCATCTGCTATCACAGCGTTCGCGCCTGTCAGGCCGACTTATCGTGCACTTCGACACTCTTATGGACGCGAAAATAAGCTATCGTTTCTCGTATGGCCTTGAGGTAAGCCCCCAAAGAAAGCGAAGGCTCTATCGGTTTGTGTGTTCGATGCTCTCGACAGGATTACACGACAATCCGACTTCTCGAGCTCATAATATGCACGCTCCATTAGTGAGTCGATCTCCGATGATACGACGACAGTTGCTCGTTGTCCCATCGATTCGGAGGCCCATAGGTACGACAAGTGACGCACTCCCGAAGCGCAAGCAAAGTCATTCACTAGGCTCGCCAACCTGCTACTTCCGAGCGGGATGCTCAATATGCACTGGGTTTCCGATATCTACTATTGATCCCGTGTCGTTATATGAGTATGGCCGGATCTGCGCCCGTTTCGGTTTTACTACTGGGTAAGAATCGGCATGGCCCTCTACGGAAGTTTGCTGGTACCGGACTATCTCGTCATTTTCCCTGTACATCCTACCTCCCGGACATTCCTGTCATCGGGTCTAGCTCTCTAAGTTGTAGAGGTTCAATCTTATCCGGAGCACTAACACAGTCAATCTTTGATGGAAGGACCGCAGATAAATCGCCGTCGAGGAAATTATACATATCTAGATTATGTTGGGTATGCAAAAAGCCCCCGGCATAATAAATACATTTGTCCGTGTCCGATCATGTTCAGACTGAGCCTCTAGAAAGGCAATTGAACGGGAATTCGTTGAAACATGTGTCTTTGTGTATCGGTAGTATGATGACGTCGAGTTCCGCAACTGGCGTGCGACTACCTTAGAAACCATACTTGGTTTTGTTCTCTGCGCTCAGGTGATCTTTCATCTGTTCACCGAGACGTTTATTGGCTTCTATGACATAGAACTTCAATCAGACTATGCCTGTCTTTGCTCTGAGACAATTCGGCGCTGCATCTTACGCATCATATATACTCGCATTCGTTCGTCCTCCCACTCAGGGCATGTGCATAAGTCTTGTACTGTAGTACCCACGCGCCTAGAGGCCTTTCGGGTACGTCGCGCACTGACACGCGTGTCTACTATGGAAGTGTTCCTATTTACCTTGCCGTGACTCGTGGAGCGATGATTGGGAAAACCGTCTGTTCCTGTAATGACTGGTGGTTAAATGATACTAGATCTGGATGCGTGTCCATGGTGAGTGCGGCTAAAAAATAGCTATGGCTAGTGCTTTGCCTTGATCCTTGGATTTATATGGTATGTCGGTCTGGACCATGTTTTGGTTTCCCTTTCATGAAATGGCAGCTTTACCGTGGTGGATCTAAATCATGAAGCGTATCTACTTTTTCTGTGACGAATCATTAATTAACACAGGGCTGATGCAGTTGGTGAATCCTTAAAGCGATATGTCGTCAGTAATATGGATCGTGAAAGTAATTTTCGTAGGAGAAAGCATTGCACAAGATGTCTTGGATTCAGGGCAAAATACCTGAGATACCGGAATACTGCCTAGTCTCTGTCGTCCGATGCAGAGTACCGACCCTATTTTCAGGACTATGAAGGAAGCGTGCGGAGTAGCAAATGTTTCATGCTAAGGGGAGACCCGAAAAACTTTTTGCGTCTAAACACTTAACTATATAGTTTAGTAAAGTCCATTCTGACGCTAGCATACAGTCGGCACTGCATCTCCGGGAACAAATGTGCAGGAAGAGCTGCTAAGGGCGAGAAGTATTGTAGGAAGACCGGATAGTTTCTGAGATCTTTAGCACCGCTACTTAGTCCGAGCGCGCTTCATTAGAAAGTTATCCACACCCACTCGCTTTAAGCACGGAGGATGTCTGCAGCACTGTCACAGAGGCGGGGCGGGTTCCGAAGCGACACGCTCGGGATAGTAACGCGGATGCACGCACAGTTGCCGGCAGGGCCCTCATTAGTCCTCACATCGCTTTGGTCTAAATCTAATAGATGCAAATCGATCCTATAGAACACCAATAATGATAGAATGAAGTTAGGTTCACATCGTCATTTCAACGCATGATCCTACGGAAAGCGACGACTACGACCAGAATCAGTGCCCTCGACTATTTACGAGTCTCGGGTGGATCAAATTGAATTCTTTTCCTCATCCTACCCCGCAGCCTTTTTGGTTATCTCAACAATGTGGTGGGAGGGGCGGTAGGGACGCCCGATAGTGGTCACAAGTCTAAGAGCACGATTCTTTATCGAGAGTGAAGGAAGGCAACAAGACGCCGGGTCTCTGCCTTTCTTATTCGATAGTCTTTCCACGTTTCGTGGATTTACCGGAACGGGTGCTAAGGAGCTTACCTACCAGTGGGGGGTTCCTCCACGGATAGAGAGGACAGACAGAGGAATTGTACACGGTGTGCGGATGTACTAGAAGCCCAGGCTAGCATTTTACCTATATTTCAAGGAATCAGCGCGGAACACCATCCCAGTGCGTATGAAGACGCTGTTAAATGCTGTTCGGGCGCGCGATGACTATAAA,GTAA,Random sequence,"[244, 706, 1042, 1574, 2352, 2518, 3640, 3792, 4256, 4348, 4640, 4924, 5283, 5349, 5641, 5910, 6140, 6205, 6561, 6882, 7137, 7370, 7429, 7591, 7935, 8644, 8909, 8927, 9139, 9385]","[244, 706, 1042, 1574, 2352, 2518, 3640, 3792, 4256, 4348, 4640, 4924, 5283, 5349, 5641, 5910, 6140, 6205, 6561, 6882, 7137, 7370, 7429, 7591, 7935, 8644, 8909, 8927, 9139, 9385]","[244, 706, 1042, 1574, 2352, 2518, 3640, 3792, 4256, 4348, 4640, 4924, 5283, 5349, 5641, 5910, 6140, 6205, 6561, 6882, 7137, 7370, 7429, 7591, 7935, 8644, 8909, 8927, 9139, 9385]",30,30,30,True,True,0,0,0.00035421053568522137,0.0007797082265218099,0.0008814334869384766,
